sujeto,genero,edad,edo_civil,carrera,semestre,discapacidad,lengua,esc_proc,prom,ant_aca,gusto,familia,tipo_f,vivienda,cuenta,tipo,frecuencia
2703,F,22,SOLTERO,1,8,1,1,6,8.5,2323,1.0,1.0,3.0,1.0,202001044,Sexual,1.0
2703,F,22,SOLTERO,1,8,1,1,6,8.5,2323,1.0,1.0,3.0,1.0,202001044,Sexual,1.0
2733,M,21,SOLTERO,13,8,1,1,1,8.8,974,1.0,1.0,2.0,1.0,202035031,Física,1.0
2733,M,21,SOLTERO,13,8,1,1,1,8.8,974,1.0,1.0,2.0,1.0,202035031,Física,1.0
2736,M,21,SOLTERO,13,8,1,1,1,7.9,1100,1.0,1.0,2.0,1.0,202035033,Verbal,1.0
2737,F,22,SOLTERO,6,8,1,1,12,9.2,1078,1.0,1.0,1.0,4.0,202021044,Psicológica,1.0
2737,F,22,SOLTERO,6,8,1,1,12,9.2,1078,1.0,1.0,1.0,4.0,202021044,Psicológica,1.0
2746,M,21,SOLTERO,13,8,2,1,1,9.4,1443,2.0,2.0,1.0,4.0,202035015,Verbal,1.0
2764,F,21,SOLTERO,5,8,1,1,1,8.2,1070,1.0,1.0,1.0,1.0,202016041,Psicológica,1.0
2764,F,21,SOLTERO,5,8,1,1,1,8.2,1070,1.0,1.0,1.0,1.0,202016041,Psicológica,1.0
2764,F,21,SOLTERO,5,8,1,1,1,8.2,1070,1.0,1.0,1.0,1.0,202016041,Psicológica,1.0
2814,M,21,SOLTERO,13,8,1,1,1,7.3,1438,1.0,1.0,2.0,1.0,202035032,Física,1.0
2879,F,21,SOLTERO,5,8,1,1,1,8.1,852,1.0,1.0,3.0,1.0,202016035,Psicológica,1.0
2879,F,21,SOLTERO,5,8,1,1,1,8.1,852,1.0,1.0,3.0,1.0,202016035,Psicológica,1.0
2888,M,21,SOLTERO,1,8,1,1,19,7.4,98,1.0,1.0,1.0,1.0,202001016,Verbal,1.0
2888,M,21,SOLTERO,1,8,1,1,19,7.4,98,1.0,1.0,1.0,1.0,202001016,Verbal,1.0
2888,M,21,SOLTERO,1,8,1,1,19,7.4,98,1.0,1.0,1.0,1.0,202001016,Verbal,1.0
2888,M,21,SOLTERO,1,8,1,1,19,7.4,98,1.0,1.0,1.0,1.0,202001016,Verbal,1.0
2888,M,21,SOLTERO,1,8,1,1,19,7.4,98,1.0,1.0,1.0,1.0,202001016,Verbal,1.0
2888,M,21,SOLTERO,1,8,1,1,19,7.4,98,1.0,1.0,1.0,1.0,202001016,Verbal,1.0
2890,M,22,SOLTERO,5,8,1,1,1,7.9,2296,1.0,1.0,1.0,1.0,202016044,"Física, Psicológica",2.0
2890,M,22,SOLTERO,5,8,1,1,1,7.9,2296,1.0,1.0,1.0,1.0,202016044,"Física, Psicológica",2.0
2893,M,21,SOLTERO,5,8,1,1,1,9.0,1411,1.0,1.0,1.0,1.0,202016043,"Verbal, Sexual",2.0
2897,F,25,SOLTERO,1,8,1,1,1,8.4,1430,1.0,1.0,1.0,1.0,202001038,Verbal,1.0
2897,F,25,SOLTERO,1,8,1,1,1,8.4,1430,1.0,1.0,1.0,1.0,202001038,Verbal,1.0
2901,F,21,SOLTERO,1,8,1,1,8,9.5,975,1.0,1.0,1.0,1.0,202001053,Verbal,1.0
2901,F,21,SOLTERO,1,8,1,1,8,9.5,975,1.0,1.0,1.0,1.0,202001053,Verbal,1.0
2901,F,21,SOLTERO,1,8,1,1,8,9.5,975,1.0,1.0,1.0,1.0,202001053,Verbal,1.0
2907,F,21,SOLTERO,1,8,2,1,1,9.2,2324,1.0,1.0,1.0,1.0,202001055,Psicológica,1.0
2907,F,21,SOLTERO,1,8,2,1,1,9.2,2324,1.0,1.0,1.0,1.0,202001055,Psicológica,1.0
2914,M,21,SOLTERO,1,8,1,1,1,7.8,2325,1.0,1.0,1.0,1.0,202001007,Verbal,1.0
2914,M,21,SOLTERO,1,8,1,1,1,7.8,2325,1.0,1.0,1.0,1.0,202001007,Verbal,1.0
2924,F,21,SOLTERO,1,8,1,1,21,7.4,1322,1.0,1.0,3.0,3.0,202001037,Verbal,1.0
2924,F,21,SOLTERO,1,8,1,1,21,7.4,1322,1.0,1.0,3.0,3.0,202001037,Psicológica,1.0
2924,F,21,SOLTERO,1,8,1,1,21,7.4,1322,1.0,1.0,3.0,3.0,202001037,Verbal,1.0
2924,F,21,SOLTERO,1,8,1,1,21,7.4,1322,1.0,1.0,3.0,3.0,202001037,Psicológica,1.0
2924,F,21,SOLTERO,1,8,1,1,21,7.4,1322,1.0,1.0,3.0,3.0,202001037,Verbal,1.0
2924,F,21,SOLTERO,1,8,1,1,21,7.4,1322,1.0,1.0,3.0,3.0,202001037,Psicológica,1.0
2924,F,21,SOLTERO,1,8,1,1,21,7.4,1322,1.0,1.0,3.0,3.0,202001037,Verbal,1.0
2924,F,21,SOLTERO,1,8,1,1,21,7.4,1322,1.0,1.0,3.0,3.0,202001037,Psicológica,1.0
2924,F,21,SOLTERO,1,8,1,1,21,7.4,1322,1.0,1.0,3.0,3.0,202001037,Verbal,1.0
2924,F,21,SOLTERO,1,8,1,1,21,7.4,1322,1.0,1.0,3.0,3.0,202001037,Psicológica,1.0
2934,M,21,SOLTERO,5,8,1,1,86,9.7,2301,1.0,1.0,2.0,1.0,202016073,Verbal,1.0
2947,F,21,SOLTERO,5,8,1,1,8,8.0,792,1.0,1.0,1.0,1.0,202016042,Física,1.0
2947,F,21,SOLTERO,5,8,1,1,8,8.0,792,1.0,1.0,1.0,1.0,202016042,Física,1.0
2947,F,21,SOLTERO,5,8,1,1,8,8.0,792,1.0,1.0,1.0,1.0,202016042,Física,1.0
2963,F,21,SOLTERO,5,8,1,1,2,9.0,1981,1.0,1.0,1.0,1.0,202016029,Verbal,1.0
2964,F,21,SOLTERO,5,8,1,1,24,8.1,688,1.0,2.0,3.0,1.0,202016003,"Física, Psicológica",2.0
2964,F,21,SOLTERO,5,8,1,1,24,8.1,688,1.0,2.0,3.0,1.0,202016003,"Física, Psicológica",2.0
2968,F,23,SOLTERO,5,8,1,1,1,8.5,1261,2.0,2.0,2.0,1.0,202016023,Verbal,1.0
2971,F,21,SOLTERO,5,8,2,1,1,7.9,858,1.0,1.0,1.0,1.0,202016025,"Verbal, Física",2.0
2971,F,21,SOLTERO,5,8,2,1,1,7.9,858,1.0,1.0,1.0,1.0,202016025,"Verbal, Física",2.0
2971,F,21,SOLTERO,5,8,2,1,1,7.9,858,1.0,1.0,1.0,1.0,202016025,"Verbal, Física",2.0
2971,F,21,SOLTERO,5,8,2,1,1,7.9,858,1.0,1.0,1.0,1.0,202016025,"Verbal, Física",2.0
2972,M,22,UNION LIBRE,5,8,1,1,8,9.5,1011,1.0,1.0,1.0,1.0,202016075,Psicológica,1.0
2972,M,22,UNION LIBRE,5,8,1,1,8,9.5,1011,1.0,1.0,1.0,1.0,202016075,Psicológica,1.0
2972,M,22,UNION LIBRE,5,8,1,1,8,9.5,1011,1.0,1.0,1.0,1.0,202016075,Psicológica,1.0
2978,F,21,SOLTERO,1,8,1,1,1,8.5,2234,1.0,1.0,1.0,1.0,202001024,Verbal,1.0
2978,F,21,SOLTERO,1,8,1,1,1,8.5,2234,1.0,1.0,1.0,1.0,202001024,Verbal,1.0
2978,F,21,SOLTERO,1,8,1,1,1,8.5,2234,1.0,1.0,1.0,1.0,202001024,Verbal,1.0
2995,M,21,SOLTERO,13,8,1,1,1,8.9,1099,1.0,2.0,2.0,1.0,202035018,Física,1.0
3000,M,21,SOLTERO,8,8,1,1,1,8.6,1448,1.0,1.0,2.0,1.0,202038032,Verbal,1.0
3000,M,21,SOLTERO,8,8,1,1,1,8.6,1448,1.0,1.0,2.0,1.0,202038032,Verbal,1.0
3002,F,21,SOLTERO,8,8,1,1,1,8.1,1323,1.0,1.0,2.0,1.0,202038005,"Verbal, Psicológica",2.0
3002,F,21,SOLTERO,8,8,1,1,1,8.1,1323,1.0,1.0,2.0,1.0,202038005,"Verbal, Psicológica",2.0
3020,F,21,SOLTERO,8,8,1,1,1,8.6,1449,1.0,1.0,3.0,1.0,202038019,Verbal,1.0
3020,F,21,SOLTERO,8,8,1,1,1,8.6,1449,1.0,1.0,3.0,1.0,202038019,Verbal,1.0
3034,F,21,SOLTERO,8,8,1,1,19,9.4,1315,1.0,1.0,1.0,1.0,202038029,"Verbal, Psicológica",1.0
3034,F,21,SOLTERO,8,8,1,1,19,9.4,1315,1.0,1.0,1.0,1.0,202038029,"Verbal, Psicológica",1.0
3087,F,21,SOLTERO,8,8,1,1,39,9.0,220,1.0,2.0,1.0,3.0,202038011,Verbal,1.0
3087,F,21,SOLTERO,8,8,1,1,39,9.0,220,1.0,2.0,1.0,3.0,202038011,Psicológica,1.0
3087,F,21,SOLTERO,8,8,1,1,39,9.0,220,1.0,2.0,1.0,3.0,202038011,Verbal,1.0
3087,F,21,SOLTERO,8,8,1,1,39,9.0,220,1.0,2.0,1.0,3.0,202038011,Psicológica,1.0
3105,M,21,SOLTERO,6,8,1,1,1,8.5,876,1.0,1.0,1.0,1.0,202021029,Psicológica,1.0
3105,M,21,SOLTERO,6,8,1,1,1,8.5,876,1.0,1.0,1.0,1.0,202021029,Psicológica,1.0
3105,M,21,SOLTERO,6,8,1,1,1,8.5,876,1.0,1.0,1.0,1.0,202021029,Psicológica,1.0
3211,F,21,SOLTERO,5,8,2,1,21,9.0,231,1.0,1.0,2.0,1.0,202016078,"Verbal, Psicológica",2.0
3211,F,21,SOLTERO,5,8,2,1,21,9.0,231,1.0,1.0,2.0,1.0,202016078,"Verbal, Física",2.0
3211,F,21,SOLTERO,5,8,2,1,21,9.0,231,1.0,1.0,2.0,1.0,202016078,"Verbal, Psicológica",2.0
3211,F,21,SOLTERO,5,8,2,1,21,9.0,231,1.0,1.0,2.0,1.0,202016078,"Verbal, Física",2.0
3270,M,21,SOLTERO,2,6,2,1,13,7.3,79,1.0,1.0,1.0,4.0,202107062,"Verbal, Física",2.0
3271,M,20,SOLTERO,2,6,1,1,47,8.0,84,1.0,1.0,1.0,1.0,202107027,Física,1.0
3274,F,21,SOLTERO,2,6,1,1,2,9.4,163,1.0,1.0,1.0,1.0,202107056,"Verbal, Física",2.0
3280,M,21,SOLTERO,2,6,1,1,10,9.0,979,1.0,1.0,2.0,1.0,202107022,"Verbal, Física, Psicológica, Sexual",4.0
3285,F,21,SOLTERO,2,6,1,1,24,9.3,288,1.0,1.0,1.0,1.0,202107001,Verbal,1.0
3293,M,21,SOLTERO,2,6,1,1,87,9.7,1221,1.0,1.0,1.0,1.0,202107060,Verbal,1.0
3299,F,20,SOLTERO,2,6,1,1,21,8.1,1064,1.0,1.0,2.0,1.0,202107012,Verbal,1.0
3320,M,19,SOLTERO,3,4,1,1,1,8.3,1500,1.0,1.0,1.0,1.0,202117066,"Verbal, Física",2.0
3336,M,20,SOLTERO,2,6,1,1,28,9.0,161,1.0,1.0,2.0,1.0,202107005,Física,1.0
3400,F,20,SOLTERO,5,6,1,1,46,8.3,1432,1.0,1.0,1.0,1.0,202116077,Psicológica,1.0
3400,F,20,SOLTERO,5,6,1,1,46,8.3,1432,1.0,1.0,1.0,1.0,202116077,Psicológica,1.0
3403,F,21,SOLTERO,5,6,1,1,8,9.6,1409,1.0,1.0,1.0,1.0,202116080,Verbal,1.0
3403,F,21,SOLTERO,5,6,1,1,8,9.6,1409,1.0,1.0,1.0,1.0,202116080,Verbal,1.0
3403,F,21,SOLTERO,5,6,1,1,8,9.6,1409,1.0,1.0,1.0,1.0,202116080,Verbal,1.0
3460,M,20,SOLTERO,2,6,2,1,27,9.3,197,1.0,1.0,1.0,1.0,202107057,"Verbal, Física",2.0
3466,F,20,SOLTERO,5,6,1,1,1,9.0,1029,1.0,1.0,2.0,1.0,202116007,Psicológica,1.0
3466,F,20,SOLTERO,5,6,1,1,1,9.0,1029,1.0,1.0,2.0,1.0,202116007,Psicológica,1.0
3488,M,21,SOLTERO,3,6,1,1,21,9.0,180,1.0,1.0,2.0,1.0,202117106,Psicológica,1.0
3488,M,21,SOLTERO,3,6,1,1,21,9.0,180,1.0,1.0,2.0,1.0,202117106,Psicológica,1.0
3488,M,21,SOLTERO,3,6,1,1,21,9.0,180,1.0,1.0,2.0,1.0,202117106,Psicológica,1.0
3496,F,20,SOLTERO,5,6,1,1,44,9.1,989,1.0,1.0,1.0,1.0,202116039,Física,1.0
3496,F,20,SOLTERO,5,6,1,1,44,9.1,989,1.0,1.0,1.0,1.0,202116039,Física,1.0
3517,F,20,SOLTERO,5,6,1,1,9,9.1,949,1.0,1.0,1.0,1.0,202116071,Verbal,2.0
3517,F,20,SOLTERO,5,6,1,1,9,9.1,949,1.0,1.0,1.0,1.0,202116071,"Verbal, Psicológica",1.0
3517,F,20,SOLTERO,5,6,1,1,9,9.1,949,1.0,1.0,1.0,1.0,202116071,Verbal,2.0
3517,F,20,SOLTERO,5,6,1,1,9,9.1,949,1.0,1.0,1.0,1.0,202116071,"Verbal, Psicológica",1.0
3517,F,20,SOLTERO,5,6,1,1,9,9.1,949,1.0,1.0,1.0,1.0,202116071,Verbal,2.0
3517,F,20,SOLTERO,5,6,1,1,9,9.1,949,1.0,1.0,1.0,1.0,202116071,"Verbal, Psicológica",1.0
3517,F,20,SOLTERO,5,6,1,1,9,9.1,949,1.0,1.0,1.0,1.0,202116071,Verbal,2.0
3517,F,20,SOLTERO,5,6,1,1,9,9.1,949,1.0,1.0,1.0,1.0,202116071,"Verbal, Psicológica",1.0
3651,F,21,SOLTERO,6,6,1,1,21,8.8,747,1.0,2.0,1.0,1.0,202121011,Verbal,1.0
3651,F,21,SOLTERO,6,6,1,1,21,8.8,747,1.0,2.0,1.0,1.0,202121011,Verbal,1.0
3651,F,21,SOLTERO,6,6,1,1,21,8.8,747,1.0,2.0,1.0,1.0,202121011,Verbal,1.0
3668,F,20,SOLTERO,2,6,1,1,2,7.4,199,1.0,1.0,2.0,1.0,202107048,Psicológica,1.0
3668,F,20,SOLTERO,2,6,1,1,2,7.4,199,1.0,1.0,2.0,1.0,202107048,Psicológica,1.0
3715,F,20,SOLTERO,7,6,1,1,1,8.3,404,1.0,1.0,1.0,1.0,202137029,"Física, Psicológica",2.0
3718,M,22,SOLTERO,5,6,1,1,8,8.7,1422,1.0,1.0,1.0,1.0,202116061,Verbal,1.0
3718,M,22,SOLTERO,5,6,1,1,8,8.7,1422,1.0,1.0,1.0,1.0,202116061,Verbal,1.0
3718,M,22,SOLTERO,5,6,1,1,8,8.7,1422,1.0,1.0,1.0,1.0,202116061,Verbal,1.0
3747,F,22,SOLTERO,1,6,1,1,84,9.4,1112,1.0,1.0,1.0,3.0,202101057,Verbal,1.0
3747,F,22,SOLTERO,1,6,1,1,84,9.4,1112,1.0,1.0,1.0,3.0,202101057,Verbal,1.0
3747,F,22,SOLTERO,1,6,1,1,84,9.4,1112,1.0,1.0,1.0,3.0,202101057,Verbal,1.0
3849,F,21,SOLTERO,2,4,1,1,105,8.1,1783,1.0,1.0,1.0,1.0,202207042,Verbal,1.0
3849,F,21,SOLTERO,2,4,1,1,105,8.1,1783,1.0,1.0,1.0,1.0,202207042,"Verbal, Física, Psicológica",3.0
3849,F,21,SOLTERO,2,4,1,1,105,8.1,1783,1.0,1.0,1.0,1.0,202207042,Verbal,1.0
3849,F,21,SOLTERO,2,4,1,1,105,8.1,1783,1.0,1.0,1.0,1.0,202207042,"Verbal, Física, Psicológica",3.0
3849,F,21,SOLTERO,2,4,1,1,105,8.1,1783,1.0,1.0,1.0,1.0,202207042,Verbal,1.0
3849,F,21,SOLTERO,2,4,1,1,105,8.1,1783,1.0,1.0,1.0,1.0,202207042,"Verbal, Física, Psicológica",3.0
3856,F,21,SOLTERO,3,4,1,1,1,9.4,1584,1.0,1.0,1.0,1.0,202217131,Psicológica,1.0
3856,F,21,SOLTERO,3,4,1,1,1,9.4,1584,1.0,1.0,1.0,1.0,202217131,Psicológica,1.0
3880,M,19,SOLTERO,2,4,1,1,19,7.6,1669,1.0,1.0,1.0,1.0,202207044,Verbal,1.0
3880,M,19,SOLTERO,2,4,1,1,19,7.6,1669,1.0,1.0,1.0,1.0,202207044,Verbal,1.0
3880,M,19,SOLTERO,2,4,1,1,19,7.6,1669,1.0,1.0,1.0,1.0,202207044,Verbal,1.0
3885,F,19,SOLTERO,2,4,1,1,21,9.9,1568,1.0,1.0,1.0,1.0,202207006,Psicológica,1.0
3885,F,19,SOLTERO,2,4,1,1,21,9.9,1568,1.0,1.0,1.0,1.0,202207006,Verbal,1.0
3885,F,19,SOLTERO,2,4,1,1,21,9.9,1568,1.0,1.0,1.0,1.0,202207006,Psicológica,1.0
3885,F,19,SOLTERO,2,4,1,1,21,9.9,1568,1.0,1.0,1.0,1.0,202207006,Verbal,1.0
3885,F,19,SOLTERO,2,4,1,1,21,9.9,1568,1.0,1.0,1.0,1.0,202207006,Psicológica,1.0
3885,F,19,SOLTERO,2,4,1,1,21,9.9,1568,1.0,1.0,1.0,1.0,202207006,Verbal,1.0
3885,F,19,SOLTERO,2,4,1,1,21,9.9,1568,1.0,1.0,1.0,1.0,202207006,Psicológica,1.0
3885,F,19,SOLTERO,2,4,1,1,21,9.9,1568,1.0,1.0,1.0,1.0,202207006,Verbal,1.0
3886,F,19,SOLTERO,3,4,1,1,17,9.3,1647,1.0,1.0,2.0,2.0,202217116,Verbal,1.0
3887,F,19,SOLTERO,3,4,1,1,2,9.0,2069,1.0,2.0,1.0,1.0,202217052,"Física, Psicológica",2.0
3887,F,19,SOLTERO,3,4,1,1,2,9.0,2069,1.0,2.0,1.0,1.0,202217052,"Física, Psicológica",2.0
3914,F,19,SOLTERO,5,4,1,1,39,9.7,1739,1.0,1.0,1.0,3.0,202216047,Psicológica,1.0
3920,F,19,UNION LIBRE,8,4,1,1,1,9.6,1980,1.0,1.0,3.0,1.0,202238024,"Verbal, Psicológica",2.0
3947,M,20,SOLTERO,5,4,1,1,8,7.1,1757,1.0,2.0,1.0,1.0,202216016,Verbal,1.0
3952,F,19,SOLTERO,5,4,1,1,50,9.4,1732,1.0,1.0,2.0,2.0,202216044,Psicológica,1.0
3952,F,19,SOLTERO,5,4,1,1,50,9.4,1732,1.0,1.0,1.0,1.0,202216044,Psicológica,1.0
3953,F,20,SOLTERO,5,4,1,1,11,8.8,1731,1.0,1.0,2.0,1.0,202216012,"Verbal, Psicológica",2.0
3961,F,22,SOLTERO,5,4,1,1,81,9.1,1746,1.0,1.0,1.0,1.0,202216051,Verbal,1.0
3983,M,20,SOLTERO,8,4,1,1,13,7.9,1962,1.0,1.0,1.0,1.0,202238007,Psicológica,1.0
3984,F,19,SOLTERO,8,4,1,1,13,9.4,1712,1.0,1.0,1.0,2.0,202238022,Psicológica,1.0
4010,F,19,SOLTERO,5,4,1,1,8,7.8,1730,1.0,1.0,1.0,1.0,202216020,Verbal,1.0
4011,M,19,SOLTERO,1,4,2,1,19,7.5,2149,1.0,1.0,1.0,1.0,202201048,Verbal,1.0
4011,M,19,SOLTERO,1,4,2,1,19,7.5,2149,1.0,1.0,1.0,1.0,202201048,Verbal,1.0
4011,M,19,SOLTERO,1,4,2,1,19,7.5,2149,1.0,1.0,1.0,1.0,202201048,Verbal,1.0
4011,M,19,SOLTERO,1,4,2,1,19,7.5,2149,1.0,1.0,1.0,1.0,202201048,Verbal,1.0
4011,M,19,SOLTERO,1,4,2,1,19,7.5,2149,1.0,1.0,1.0,1.0,202201048,Verbal,1.0
4011,M,19,SOLTERO,1,4,2,1,19,7.5,2149,1.0,1.0,1.0,1.0,202201048,Verbal,1.0
4031,F,20,SOLTERO,1,4,1,1,21,8.7,1999,1.0,1.0,1.0,1.0,202201067,Psicológica,1.0
4031,F,20,SOLTERO,1,4,1,1,21,8.7,1999,1.0,1.0,1.0,1.0,202201067,Psicológica,1.0
4031,F,20,SOLTERO,1,4,1,1,21,8.7,1999,1.0,1.0,1.0,1.0,202201067,Psicológica,1.0
4031,F,20,SOLTERO,1,4,1,1,21,8.7,1999,1.0,1.0,1.0,1.0,202201067,Psicológica,1.0
4070,F,19,SOLTERO,8,4,1,1,21,9.0,1715,1.0,1.0,2.0,1.0,202238013,Psicológica,1.0
4071,F,19,SOLTERO,8,4,1,1,21,8.3,1963,1.0,1.0,1.0,1.0,202238014,Psicológica,1.0
4077,F,19,SOLTERO,5,4,1,1,21,9.5,1759,1.0,1.0,3.0,1.0,202216039,Psicológica,1.0
4078,F,20,SOLTERO,8,4,1,1,50,8.3,1702,1.0,1.0,2.0,1.0,202238021,"Física, Psicológica",2.0
4160,F,19,SOLTERO,3,4,1,1,22,8.0,2020,1.0,1.0,1.0,4.0,202217055,"Verbal, Física",2.0
4180,M,19,SOLTERO,6,4,1,1,8,8.0,2060,1.0,1.0,2.0,1.0,202221029,Psicológica,1.0
4196,M,19,SOLTERO,3,4,1,1,19,7.9,1697,1.0,1.0,1.0,1.0,202217083,Verbal,1.0
4230,M,19,SOLTERO,2,4,1,1,21,8.2,1977,1.0,1.0,2.0,1.0,202207008,Psicológica,1.0
4230,M,19,SOLTERO,2,4,1,1,21,8.2,1977,1.0,1.0,2.0,1.0,202207008,Psicológica,1.0
4230,M,19,SOLTERO,2,4,1,1,21,8.2,1977,1.0,1.0,2.0,1.0,202207008,Psicológica,1.0
4233,M,19,SOLTERO,2,4,1,1,1,9.1,1567,1.0,1.0,2.0,3.0,202207068,Física,1.0
4233,M,19,SOLTERO,2,4,1,1,1,9.1,1567,1.0,1.0,2.0,3.0,202207068,Física,1.0
4233,M,19,SOLTERO,2,4,1,1,1,9.1,1567,1.0,1.0,2.0,3.0,202207068,Física,1.0
4233,M,19,SOLTERO,2,4,1,1,1,9.1,1567,1.0,1.0,2.0,3.0,202207068,Física,1.0
4234,F,19,SOLTERO,2,4,1,1,21,9.7,1564,1.0,1.0,3.0,1.0,202207023,Verbal,1.0
4234,F,19,SOLTERO,2,4,1,1,21,9.7,1564,1.0,1.0,3.0,1.0,202207023,Verbal,1.0
4234,F,19,SOLTERO,2,4,1,1,21,9.7,1564,1.0,1.0,3.0,1.0,202207023,Verbal,1.0
4234,F,19,SOLTERO,2,4,1,1,21,9.7,1564,1.0,1.0,3.0,1.0,202207023,Verbal,1.0
4236,M,21,SOLTERO,2,4,1,1,100,7.9,1551,1.0,1.0,1.0,1.0,202207052,Psicológica,1.0
4236,M,21,SOLTERO,2,4,1,1,100,7.9,1551,1.0,1.0,1.0,1.0,202207052,Psicológica,1.0
4236,M,21,SOLTERO,2,4,1,1,100,7.9,1551,1.0,1.0,1.0,1.0,202207052,Psicológica,1.0
4239,M,19,SOLTERO,2,4,1,1,130,8.6,1559,1.0,1.0,3.0,1.0,202207045,Verbal,1.0
4239,M,19,SOLTERO,2,4,1,1,130,8.6,1559,1.0,1.0,3.0,1.0,202207045,Verbal,1.0
4239,M,19,SOLTERO,2,4,1,1,130,8.6,1559,1.0,1.0,3.0,1.0,202207045,Verbal,1.0
4239,M,19,SOLTERO,2,4,1,1,130,8.6,1559,1.0,1.0,3.0,1.0,202207045,Verbal,1.0
4240,M,19,SOLTERO,2,4,1,1,65,7.5,1554,1.0,1.0,2.0,1.0,202207026,Verbal,1.0
4240,M,19,SOLTERO,2,4,1,1,65,7.5,1554,1.0,1.0,2.0,1.0,202207026,Verbal,1.0
4240,M,19,SOLTERO,2,4,1,1,65,7.5,1554,1.0,1.0,2.0,1.0,202207026,Verbal,1.0
4241,F,19,SOLTERO,2,4,1,1,8,9.5,1570,1.0,2.0,1.0,1.0,202207069,Verbal,1.0
4241,F,19,SOLTERO,2,4,1,1,8,9.5,1570,1.0,2.0,1.0,1.0,202207069,Verbal,1.0
4241,F,19,SOLTERO,2,4,1,1,8,9.5,1570,1.0,2.0,1.0,1.0,202207069,Verbal,1.0
4241,F,19,SOLTERO,2,4,1,1,8,9.5,1570,1.0,2.0,1.0,1.0,202207069,Verbal,1.0
4246,F,20,SOLTERO,2,4,2,1,8,8.9,2068,1.0,1.0,1.0,1.0,202207048,Física,1.0
4246,F,20,SOLTERO,2,4,2,1,8,8.9,2068,1.0,1.0,1.0,1.0,202207048,Física,1.0
4246,F,20,SOLTERO,2,4,2,1,8,8.9,2068,1.0,1.0,1.0,1.0,202207048,Física,1.0
4246,F,20,SOLTERO,2,4,2,1,8,8.9,2068,1.0,1.0,1.0,1.0,202207048,Física,1.0
4248,M,19,UNION LIBRE,2,4,1,1,11,8.8,1558,1.0,1.0,1.0,1.0,202207050,Psicológica,1.0
4248,M,19,UNION LIBRE,2,4,1,1,11,8.8,1558,1.0,1.0,1.0,1.0,202207050,Psicológica,1.0
4248,M,19,UNION LIBRE,2,4,1,1,11,8.8,1558,1.0,1.0,1.0,1.0,202207050,Psicológica,1.0
4248,M,19,UNION LIBRE,2,4,1,1,11,8.8,1558,1.0,1.0,1.0,1.0,202207050,Psicológica,1.0
4254,M,21,SOLTERO,2,4,1,1,202,7.9,1703,1.0,1.0,1.0,1.0,202207030,"Verbal, Física, Psicológica, Sexual",4.0
4254,M,21,SOLTERO,2,4,1,1,202,7.9,1703,1.0,1.0,1.0,1.0,202207030,"Verbal, Física, Psicológica, Sexual",4.0
4254,M,21,SOLTERO,2,4,1,1,202,7.9,1703,1.0,1.0,1.0,1.0,202207030,"Verbal, Física, Psicológica, Sexual",4.0
4259,M,19,SOLTERO,2,4,1,1,130,8.4,1775,1.0,1.0,1.0,1.0,202207033,"Verbal, Sexual",2.0
4259,M,19,SOLTERO,2,4,1,1,130,8.4,1775,1.0,1.0,1.0,1.0,202207033,"Verbal, Sexual",2.0
4259,M,19,SOLTERO,2,4,1,1,130,8.4,1775,1.0,1.0,1.0,1.0,202207033,"Verbal, Sexual",2.0
4260,M,19,SOLTERO,2,4,1,1,150,7.2,1684,1.0,1.0,1.0,1.0,202207013,Verbal,1.0
4260,M,19,SOLTERO,2,4,1,1,150,7.2,1684,1.0,1.0,1.0,1.0,202207013,Verbal,1.0
4260,M,19,SOLTERO,2,4,1,1,150,7.2,1684,1.0,1.0,1.0,1.0,202207013,Verbal,1.0
4261,M,21,SOLTERO,2,4,1,1,1,7.6,1675,1.0,1.0,1.0,1.0,202207034,"Física, Psicológica, Sexual",3.0
4261,M,21,SOLTERO,2,4,1,1,1,7.6,1675,1.0,1.0,1.0,1.0,202207034,"Física, Psicológica, Sexual",3.0
4261,M,21,SOLTERO,2,4,1,1,1,7.6,1675,1.0,1.0,1.0,1.0,202207034,"Física, Psicológica, Sexual",3.0
4263,M,20,SOLTERO,2,4,1,1,2,7.1,1676,1.0,2.0,2.0,1.0,202207072,Verbal,1.0
4263,M,20,SOLTERO,2,4,1,1,2,7.1,1676,1.0,2.0,2.0,1.0,202207072,Verbal,1.0
4263,M,20,SOLTERO,2,4,1,1,2,7.1,1676,1.0,2.0,2.0,1.0,202207072,Verbal,1.0
4265,M,20,SOLTERO,2,4,1,1,1,8.1,1769,1.0,1.0,1.0,1.0,202207017,"Verbal, Sexual",2.0
4265,M,20,SOLTERO,2,4,1,1,1,8.1,1769,1.0,1.0,1.0,1.0,202207017,"Verbal, Sexual",2.0
4265,M,20,SOLTERO,2,4,1,1,1,8.1,1769,1.0,1.0,1.0,1.0,202207017,"Verbal, Sexual",2.0
4268,M,21,SOLTERO,2,4,1,1,203,9.0,1665,1.0,1.0,2.0,1.0,202207009,"Verbal, Física",2.0
4268,M,21,SOLTERO,2,4,1,1,203,9.0,1665,1.0,1.0,2.0,1.0,202207009,"Verbal, Física",2.0
4268,M,21,SOLTERO,2,4,1,1,203,9.0,1665,1.0,1.0,2.0,1.0,202207009,"Verbal, Física",2.0
4272,F,19,SOLTERO,2,4,1,1,174,8.3,1674,1.0,1.0,2.0,1.0,202207010,"Verbal, Física, Psicológica",3.0
4272,F,19,SOLTERO,2,4,1,1,174,8.3,1674,1.0,1.0,2.0,1.0,202207010,"Verbal, Física, Psicológica",3.0
4272,F,19,SOLTERO,2,4,1,1,174,8.3,1674,1.0,1.0,2.0,1.0,202207010,"Verbal, Física, Psicológica",3.0
4273,F,20,SOLTERO,2,4,1,1,30,8.8,1662,1.0,1.0,2.0,1.0,202207002,"Verbal, Física",2.0
4273,F,20,SOLTERO,2,4,1,1,30,8.8,1662,1.0,1.0,2.0,1.0,202207002,"Verbal, Física",2.0
4276,F,21,SOLTERO,2,4,1,1,52,8.8,1671,1.0,1.0,1.0,1.0,202207007,Verbal,1.0
4276,F,21,SOLTERO,2,4,1,1,52,8.8,1671,1.0,1.0,1.0,1.0,202207007,Verbal,1.0
4276,F,21,SOLTERO,2,4,1,1,52,8.8,1671,1.0,1.0,1.0,1.0,202207007,Verbal,1.0
4281,M,19,SOLTERO,2,4,1,1,1,8.6,1673,1.0,1.0,1.0,1.0,202207018,Sexual,1.0
4281,M,19,SOLTERO,2,4,1,1,1,8.6,1673,1.0,1.0,1.0,1.0,202207018,Sexual,1.0
4281,M,19,SOLTERO,2,4,1,1,1,8.6,1673,1.0,1.0,1.0,1.0,202207018,Sexual,1.0
4326,F,19,SOLTERO,2,4,1,1,174,9.0,1927,1.0,1.0,2.0,2.0,202207027,Física,1.0
4326,F,19,SOLTERO,2,4,1,1,174,9.0,1927,1.0,1.0,2.0,2.0,202207027,Física,1.0
4326,F,19,SOLTERO,2,4,1,1,174,9.0,1927,1.0,1.0,2.0,2.0,202207027,Física,1.0
4362,M,21,SOLTERO,8,4,1,1,1,8.1,1714,1.0,1.0,1.0,4.0,202238004,Verbal,1.0
4389,F,20,SOLTERO,2,4,1,1,41,7.2,1563,1.0,1.0,3.0,4.0,202207047,Verbal,1.0
4389,F,20,SOLTERO,2,4,1,1,41,7.2,1563,1.0,1.0,3.0,4.0,202207047,Verbal,1.0
4389,F,20,SOLTERO,2,4,1,1,41,7.2,1563,1.0,1.0,3.0,4.0,202207047,Verbal,1.0
4437,M,19,SOLTERO,2,4,1,1,1,7.6,2312,1.0,1.0,1.0,1.0,202207036,"Verbal, Física",2.0
4437,M,19,SOLTERO,2,4,1,1,1,7.6,2312,1.0,1.0,1.0,1.0,202207036,"Verbal, Física",2.0
4437,M,19,SOLTERO,2,4,1,1,1,7.6,2312,1.0,1.0,1.0,1.0,202207036,"Verbal, Física",2.0
4706,F,18,SOLTERO,14,2,1,1,0,8.7,2776,1.0,1.0,1.0,4.0,202318038,Psicológica,1.0
5071,F,19,SOLTERO,5,2,1,1,0,9.8,2615,1.0,1.0,1.0,1.0,202316038,Psicológica,1.0
5080,F,18,SOLTERO,5,2,1,1,0,9.2,2455,1.0,1.0,1.0,1.0,202316029,Psicológica,1.0
